SHIMMER.APQ5,Pi,ni,Pi/(Pi+ni),log2(Pi/(Pi+ni)),(-Pi/(Pi+ni)*log2(Pi/(Pi+ni))),ni/(Pi+ni),log2(ni/(Pi+ni)),(-ni/(Pi+ni)*log2(ni/(Pi+ni))),"I(Pi,ni)"
<0.014,57,44,0.564356436,-0.825321468587053,0.465775482,0.435643564,-1.1987798641145,0.522240733,0.988016215
,,,,,,,,,
>=0.014,90,4,0.957446809,-0.0627357553479626,0.060066149,0.042553191,-4.55458885167764,0.193812292,0.25387844
