SPREAD1,Pi,ni,Pi/(Pi+ni),log2(Pi/(Pi+ni)),(-Pi/(Pi+ni)*log2(Pi/(Pi+ni))),ni/(Pi+ni),log2(ni/(Pi+ni)),(-ni/(Pi+ni)*log2(ni/(Pi+ni))),"I(Pi,ni)"
<-5.6,60,46,0.566037736,-0.821029858954681,0.464733882,0.433962264,-1.20435849850619,0.522646141,0.987380023
,,,,,,,,,
>=-5.6,87,2,0.97752809,-0.0327899351176695,0.032053083,0.02247191,-5.4757334309664,0.123050189,0.155103272
