MDVP.FO(HZ),Pi,ni,Pi/(Pi+ni),log2(Pi/(Pi+ni)),(-Pi/(Pi+ni)*log2(Pi/(Pi+ni))),ni/(Pi+ni),log2(ni/(Pi+ni)),(-ni/(Pi+ni)*log2(ni/(Pi+ni))),"I(Pi,ni)"
<118,39,12,0.764705882,-0.387023123109247,0.295958859,0.235294118,-2.08746284125034,0.491167727,0.787126586
,,,,,,,,,
>=118,108,36,0.75,-0.415037499278844,0.311278124,0.25,-2,0.5,0.811278124
