MDVP.FLO(HZ),Pi,ni,Pi/(Pi+ni),log2(Pi/(Pi+ni)),(-Pi/(Pi+ni)*log2(Pi/(Pi+ni))),ni/(Pi+ni),log2(ni/(Pi+ni)),(-ni/(Pi+ni)*log2(ni/(Pi+ni))),"I(Pi,ni)"
<126,109,29,0.789855072,-0.340340132001243,0.26881938,0.210144928,-2.2505434616506,0.472940293,0.741759672
,,,,,,,,,
>=126,38,19,0.666666667,-0.584962500721156,0.389975,0.333333333,-1.58496250072116,0.528320834,0.918295834
