PPE,Pi,ni,Pi/(Pi+ni),log2(Pi/(Pi+ni)),(-Pi/(Pi+ni)*log2(Pi/(Pi+ni))),ni/(Pi+ni),log2(ni/(Pi+ni)),(-ni/(Pi+ni)*log2(ni/(Pi+ni))),"I(Pi,ni)"
<0.11,4,23,0.148148148,-2.75488750216347,0.408131482,0.851851852,-0.231325546106456,0.197055095,0.605186577
,,,,,,,,,
>=0.11,143,25,0.851190476,-0.232446086000371,0.197855895,0.148809524,-2.74846123300404,0.408997207,0.606852922
